,rm,lstat,ptratio,medv
0,0.5205539450049771,-1.125076895906053,-1.5250831014099566,504000.0
1,0.2810483706159793,-0.5370698191105847,-0.3397476754619152,453600.0
2,1.4692448565458123,-1.2593573581550184,-0.3397476754619152,728700.0
3,1.1784166590734586,-1.413426520103831,0.08697307787937905,701400.0
4,1.4101460784498268,-1.0756051466564345,0.08697307787937905,760200.0
5,0.2950454496387121,-1.0925668892563036,0.08697307787937905,602700.0
6,-0.35504110941713973,-0.07203537616416877,-1.572496518447879,480900.0
7,-0.1062041490129858,0.8778222094285106,-1.572496518447879,569100.0
8,-0.9475841213795299,2.401552086316767,-1.572496518447879,346500.0
9,-0.36748295743734744,0.5880591066807442,-1.572496518447879,396900.0
10,0.2126182065048363,1.0615744209270945,-1.572496518447879,315000.0
11,-0.3597068024247164,0.04669682203491615,-1.572496518447879,396900.0
12,-0.5463345227278319,0.3915855882322583,-1.572496518447879,455700.0
13,-0.4530206625762749,-0.6614559315096262,1.1774816697515775,428400.0
14,-0.22440170520495825,-0.3787602215118049,1.1774816697515775,382200.0
15,-0.6318722278667607,-0.6317728819598548,1.1774816697515775,417900.0
16,-0.4747938966116387,-0.8989203279077961,1.1774816697515775,485100.0
17,-0.3892561914727099,0.24458381903339113,1.1774816697515775,367500.0
18,-1.2197495468215727,-0.1766327888633627,1.1774816697515775,424200.0
19,-0.7982819451370374,-0.23458540941291608,1.1774816697515775,382200.0
20,-1.0424532125336132,1.1421426982764737,1.1774816697515775,285600.0
21,-0.4281369665358595,0.12585162083430618,1.1774816697515775,411600.0
22,-0.15286107908876365,0.8170426317789791,1.1774816697515775,319200.0
23,-0.6645320789198057,0.9810061435777155,1.1774816697515775,304500.0
24,-0.49190143763942307,0.4749808226816156,1.1774816697515775,327600.0
25,-0.9973515134603606,0.504663872231387,1.1774816697515775,291900.0
26,-0.6645320789198057,0.2643725187332387,1.1774816697515775,348600.0
27,-0.3006080243287309,0.6135017205805481,1.1774816697515775,310800.0
28,0.3961354648029002,-0.019736669814571693,1.1774816697515775,386400.0
29,0.6745218142550475,-0.13564191091367847,1.1774816697515775,441000.0
30,-0.8200551791724012,1.3654723091747527,1.1774816697515775,266700.0
31,-0.26172724926558133,0.014186815385166644,1.1774816697515775,304500.0
32,-0.45146543157374835,2.087759848219186,1.1774816697515775,277200.0
33,-0.8387179512027135,0.7647439254293825,1.1774816697515775,275100.0
34,-0.22440170520495825,1.0460261568772145,1.1774816697515775,283500.0
35,-0.47790435861669023,-0.46074197741117306,0.3240401630689873,396900.0
36,-0.6209856108490781,-0.21621018826305757,0.3240401630689873,420000.0
37,-0.6069885318263453,-0.5893685254601818,0.3240401630689873,441000.0
38,-0.426581735533333,-0.3971354426616631,0.3240401630689873,518700.0
39,0.5516585650554957,-1.218366480205334,-0.1026805902723069,646800.0
40,1.2188526651391334,-1.549120460902785,-0.1026805902723069,732900.0
41,0.8238239904975385,-1.1448655956059006,-0.2923342584239945,558600.0
42,-0.11086984202056387,-1.0077581762569574,-0.2923342584239945,531300.0
43,-0.04555013991447241,-0.7773611726087328,-0.2923342584239945,518700.0
44,-0.2663929422731594,-0.4791171985610313,-0.2923342584239945,445200.0
45,-0.8682673402507055,-0.3858276142617503,-0.2923342584239945,405300.0
46,-0.7065233159880069,0.17108293443395764,-0.2923342584239945,420000.0
47,-0.3270469513716714,0.8283504601788922,-0.2923342584239945,348600.0
48,-1.308397713965553,2.525938198715809,-0.2923342584239945,302400.0
49,-0.9926858204527825,0.46084603718172434,-0.2923342584239945,407400.0
50,-0.431247428540911,0.07213943593472003,-0.8138818458411318,413700.0
51,-0.19485231615696477,-0.49607894116090073,-0.8138818458411318,430500.0
52,0.4210191608433156,-1.0826725394063799,-0.8138818458411318,525000.0
53,-0.3768143434525022,-0.6374267961598113,-0.8138818458411318,491400.0
54,-0.5478897537303584,0.2629590401832496,1.2248950867894999,396900.0
55,1.5687796407074739,-1.1491060312558679,-0.2923342584239945,743400.0
56,0.22194959251999238,-1.0134120904569137,-0.5768147606515235,518700.0
57,0.8953646166137331,-1.270665186554931,-1.6199099354858004,663600.0
58,-0.14819538608118696,-0.859342928508101,0.5611072482585956,489300.0
59,-0.4872357446318464,-0.5257619907106719,0.5611072482585956,411600.0
60,-0.776508711101675,0.029735079435046986,0.5611072482585956,392700.0
61,-0.426581735533333,0.21207381238364162,0.5611072482585956,336000.0
62,0.33548145570438814,-0.8777181496579594,0.5611072482585956,466200.0
63,0.8113821424773309,-0.48618459131097697,0.5611072482585956,525000.0
64,1.3432711453412103,-0.6911389810593973,0.039559660841458406,693000.0
65,0.07731310928507808,-1.1688947309557154,-1.145775765106583,493500.0
66,-0.7049680849854804,-0.38158717861178304,-1.145775765106583,407400.0
67,-0.5634420637556177,-0.6840715883094519,0.18179991195522202,462000.0
68,-1.0051276684729902,0.021254208135112276,0.18179991195522202,365400.0
69,-0.5525554467379364,-0.5865415683602037,0.18179991195522202,438900.0
70,0.27482744660587477,-0.8791316282079485,0.3240401630689873,508200.0
71,-0.43435789054596263,-0.4324724064113908,0.3240401630689873,455700.0
72,-0.27261386628326256,-1.0487490542066413,0.3240401630689873,478800.0
73,0.0073277141714099565,-0.7632263871088418,0.3240401630689873,491400.0
74,0.05087418224213621,-0.8706507569080139,0.08697307787937905,506100.0
75,0.07109218527497355,-0.5653393901103669,0.08697307787937905,449400.0
76,0.06020556825729233,-0.13705538946366755,0.08697307787937905,420000.0
77,-0.15597154109381658,-0.3773467429618158,0.08697307787937905,436800.0
78,-0.012890288861427379,-0.08475668311407071,0.08697307787937905,445200.0
79,-0.5696629877657222,-0.5427237333105412,0.08697307787937905,426300.0
80,0.7569490573889234,-1.0812590608563908,0.22921332899314434,588000.0
81,0.5889841091161188,-0.8084577007084933,0.22921332899314434,501900.0
82,0.09597588131538894,-0.8791316282079485,0.22921332899314434,520800.0
83,-0.11398030402561544,-0.7674668227588092,0.22921332899314434,480900.0
84,0.2312809785351485,-0.46922284871110775,-0.007853756196463925,501900.0
85,0.6060916501439045,-0.9059877206577416,-0.007853756196463925,558600.0
86,-0.3503754164095617,-0.011255798514637235,-0.007853756196463925,472500.0
87,-0.18552093014180868,-0.6360133176098223,-0.007853756196463925,466200.0
88,1.1924137380961914,-1.0515760113066195,-0.3397476754619152,495600.0
89,1.3043903702780608,-1.0233064403068375,-0.3397476754619152,602700.0
90,0.27482744660587477,-0.5837146112602253,-0.3397476754619152,474600.0
91,0.2561646745755639,-0.6699368028095609,-0.3397476754619152,462000.0
92,0.31370822166902435,-0.6755907170095172,-0.15009400731022923,480900.0
93,-0.04555013991447241,-0.951219034257393,-0.15009400731022923,525000.0
94,0.013548638181513115,-0.33211542936216437,-0.15009400731022923,432600.0
95,0.5983154951312749,-0.8890259780578723,-0.2449208413860722,596400.0
96,-0.1202012280357186,-0.22610453811298137,-0.2449208413860722,449400.0
97,1.8285032181293106,-0.9540459913573711,-0.2449208413860722,697200.0
98,0.7569490573889234,-0.4974924197108898,1.1300682527136552,577500.0
99,0.8409315315253243,-0.7448511659589835,1.1300682527136552,556500.0
100,0.2561646745755639,-0.3264615151622078,1.1300682527136552,390600.0
101,-0.16063723410139466,0.07072595738473096,1.1300682527136552,405300.0
102,-0.11398030402561544,-0.08617016166405979,1.1300682527136552,422100.0
103,-0.6054333008238189,0.49900995803143017,1.1300682527136552,409500.0
104,-0.6287617658617077,0.8085617604790447,1.1300682527136552,409500.0
105,-0.17618954412665394,0.16260206313402292,1.1300682527136552,428400.0
106,0.36347561374985515,-0.0946510329639945,1.1300682527136552,415800.0
107,-0.01755598186900544,0.3689699314324326,1.1300682527136552,407400.0
108,-0.07043383595488781,0.008532901185210337,1.1300682527136552,455700.0
109,0.7382862853586112,-0.3928950070116959,-0.3397476754619152,478800.0
110,-0.5090089786672088,0.46225951573171364,-0.3397476754619152,394800.0
111,-0.23062262921506277,0.5866456281307549,-0.3397476754619152,392700.0
112,0.021324793194142752,-0.3519041290620119,-0.3397476754619152,388500.0
113,-0.4856805136293199,0.3986529809822037,-0.3397476754619152,384300.0
114,-0.09998322500288126,-0.127161039613744,-0.3397476754619152,445200.0
115,-0.34104403039440556,-0.37310630731184835,-0.3397476754619152,403200.0
116,-0.5727734497707738,0.3435273175326285,-0.3397476754619152,428400.0
117,-0.7920610211269343,0.09475509273454576,-0.3397476754619152,405300.0
118,-0.5758839117758253,0.20217946253371782,0.2766267460310667,462000.0
119,-0.36748295743734744,0.1880446770338268,0.2766267460310667,426300.0
120,-0.43435789054596263,0.7053778263298398,0.2766267460310667,430500.0
121,-0.5976571458111891,1.7626597817216916,0.2766267460310667,363300.0
122,-0.5618868327530926,0.6559060770802209,0.2766267460310667,394800.0
123,-0.39547711548281445,0.2643725187332387,0.2766267460310667,449400.0
124,-0.9755782794249968,2.0241533134696765,0.2766267460310667,329700.0
125,-0.8511597992229212,0.6007804136306462,1.2723085038274204,340200.0
126,0.29660068064123857,0.3463542746326069,1.2723085038274204,378000.0
127,-0.938252735364375,0.7633304468793932,1.2723085038274204,300300.0
128,0.33859191770943975,-0.04800624081435397,1.2723085038274204,403200.0
129,0.13330142537601203,-0.09606451151398357,1.2723085038274204,411600.0
130,0.20484205149220663,-0.2572010662127418,1.2723085038274204,483000.0
131,-0.6505349998970715,0.29546904683299885,1.2723085038274204,386400.0
132,-0.7516250150612596,0.6177421562305151,1.2723085038274204,327600.0
133,0.1472985043987462,0.5682704069808966,1.2723085038274204,380100.0
134,-0.46390727959395606,0.5597895356809617,1.2723085038274204,365400.0
135,0.3323709936993352,0.23327599063347826,1.2723085038274204,359100.0
136,-0.5961019148086627,1.184547054776147,1.2723085038274204,279300.0
137,-0.13886400006603083,0.7802921894792626,1.2723085038274204,373800.0
138,-0.10309368700793284,1.5859749629730533,1.2723085038274204,294000.0
139,-1.30217678995545,1.9619602572701555,-1.8095636036374871,281400.0
140,-1.201086774791262,1.9054211152705915,-1.8095636036374871,327600.0
141,-2.07979229121843,2.3110894591174644,-1.8095636036374871,247800.0
142,-0.17152385111907587,2.100481155169088,-1.8095636036374871,289800.0
143,-0.9522498143871079,0.5244525719312341,-1.8095636036374871,327600.0
144,-2.044021978160332,2.345012944317203,-1.8095636036374871,306600.0
145,-1.639661917503583,2.1739820397685214,-1.8095636036374871,373800.0
146,-1.0004619754654123,1.2029222759260052,-1.8095636036374871,323400.0
147,-0.18396569913928357,0.164015541684012,-1.8095636036374871,451500.0
148,-1.3006215589529233,0.04811030058490523,-1.8095636036374871,411600.0
149,-1.9102721119431005,-0.11585321121383114,-1.8095636036374871,321300.0
150,-0.8262761031825058,0.40289341663217093,-1.8095636036374871,407400.0
151,-0.17307908212160236,0.3081903537829008,-1.8095636036374871,357000.0
152,-0.13730876906350437,0.29405556828300977,-1.8095636036374871,327600.0
153,-1.5059120512863498,0.4523651658817899,-1.8095636036374871,275100.0
154,1.0928789539345298,-1.1802025593556282,-1.8095636036374871,867300.0
155,-0.2710586352807374,-0.9201225061576327,-1.8095636036374871,510300.0
156,0.41946392984078906,-0.7844285653586784,-1.8095636036374871,489300.0
157,0.015103869184039595,-1.0515760113066195,-1.8095636036374871,567000.0
158,-0.6007676078162407,-0.18370018161330806,-1.8095636036374871,476700.0
159,-0.2166255501923286,-0.44236675626131455,-1.8095636036374871,525000.0
160,-0.5649972947581441,-0.11302625411385274,-1.8095636036374871,499800.0
161,0.12241480835833081,-0.26002802331271996,-1.8095636036374871,499800.0
162,0.25149898156798584,-0.22893149521295952,-1.8095636036374871,468300.0
163,-0.5681077567631957,0.21066033383365254,-1.8095636036374871,365400.0
164,-0.5603316017505661,-0.12857451816373308,-1.8095636036374871,401100.0
165,-1.0393427505285617,0.24741077613336926,-0.9087086799169747,485100.0
166,0.2732722156033497,-0.5512046046104759,-0.9087086799169747,495600.0
167,-0.5929914528036111,-0.4663958916111294,-0.9087086799169747,474600.0
168,0.4754522459317244,-1.0756051466564345,-0.9087086799169747,617400.0
169,-0.3425992613969321,-0.39996239976164155,-0.9087086799169747,487200.0
170,0.11619388434822765,-0.9399112058574801,-0.9087086799169747,516600.0
171,0.9637947807248762,-0.8508620572081664,-0.9087086799169747,627900.0
172,1.1504225010279916,-1.1165960246061184,-0.3397476754619152,781200.0
173,-0.14975061708371207,-0.4932519840609226,-0.3397476754619152,760200.0
174,1.4225879264700345,-1.1476925527058788,-0.3397476754619152,795900.0
175,0.5018911729746649,-1.0261333974068156,-0.3397476754619152,682500.0
176,-0.9895753584477309,0.14705379908414284,-0.3397476754619152,554400.0
177,-0.13575353806097926,0.029735079435046986,-0.3397476754619152,621600.0
178,0.8424867625278508,-0.8847855424079051,-1.572496518447879,672000.0
179,0.49100455595698367,-1.1844429950055955,-1.572496518447879,625800.0
180,1.4692448565458123,-1.0671242753564998,-1.572496518447879,732900.0
181,1.1053208019547376,-1.108115153306184,-1.572496518447879,777000.0
182,0.7756118294192342,-1.1660677738557372,-1.572496518447879,640500.0
183,1.4583582395281312,-1.4233208699537547,-1.572496518447879,764400.0
184,0.8704809205733178,-1.1180095031561075,-1.382842850296192,653100.0
185,0.5656556440782299,-1.2098856089053993,-1.382842850296192,611100.0
186,1.1426463460153606,-1.1844429950055955,-0.7190550117652887,732900.0
187,1.3914833064195147,-1.1999912590554755,-0.7190550117652887,690900.0
188,-0.12175645903824509,-0.778774651158722,-1.8095636036374871,506100.0
189,2.130218032619347,-1.3893973847540162,-1.8095636036374871,888300.0
190,-0.5432240607227803,-0.29253802996246947,0.039559660841458406,474600.0
191,0.13330142537601203,-0.2784032444625782,0.039559660841458406,512400.0
192,-0.7111890089955836,0.723753047479698,0.039559660841458406,472500.0
193,-0.27416909728578903,0.24317034048340205,0.039559660841458406,512400.0
194,-1.3939354191044804,1.4347327581242189,0.039559660841458406,420000.0
195,-0.4359131215484891,0.6120882420305588,0.039559660841458406,455700.0
196,-1.3006215589529233,1.5605323490732494,0.039559660841458406,405300.0
197,-0.6738634649349604,0.4368169018319098,0.039559660841458406,470400.0
198,0.2095077444997847,-0.5031463339108461,0.039559660841458406,590100.0
199,-1.2881797109327158,2.347839901417182,0.039559660841458406,497700.0
200,-0.09065183898772515,-0.4904250269609442,0.039559660841458406,525000.0
201,-0.5478897537303584,0.08062030723465474,-1.0035355139928193,489300.0
202,0.6247544221742167,-0.459328498861184,-1.0035355139928193,602700.0
203,-0.4499102005712233,0.703964347779851,-1.0035355139928193,451500.0
204,0.20639728249473313,-0.3448367363120663,-1.0035355139928193,483000.0
205,1.1053208019547376,-0.4565015417612056,-0.5294013436136028,560700.0
206,-0.1186459970331935,1.2043357544759945,-0.5294013436136028,455700.0
207,0.9933441697728683,-0.4254050136614454,-0.5294013436136028,577500.0
208,0.5874288781135937,-0.7547455158089073,-0.5294013436136028,632100.0
209,1.4350297744902423,-0.9300168560075563,-0.5294013436136028,663600.0
210,0.4847836319468791,-1.2975212790047241,-0.5294013436136028,661500.0
211,-0.40325327049544407,-0.18228670306331898,-0.5294013436136028,510300.0
212,1.822282294119206,-1.0869129750563473,-0.5294013436136028,665700.0
213,0.755393826386397,-0.6911389810593973,-0.5294013436136028,609000.0
214,-0.2399540152302175,-0.2911245514124801,-0.5294013436136028,504000.0
215,0.6076468811464311,-0.48053067711102065,-0.5294013436136028,527100.0
216,1.7382998199828037,-1.1604138596557807,-0.5294013436136028,661500.0
217,0.37436223076753633,-0.9300168560075563,-0.9087086799169747,497700.0
218,0.5687661060832815,-0.7872555224586566,-0.9087086799169747,489300.0
219,1.0213383278183366,-0.2204506239130248,-0.9087086799169747,462000.0
220,-0.22595693620748472,-0.07627581181413601,-0.9087086799169747,422100.0
221,0.18306881745684284,-0.24306628071285052,-0.9087086799169747,466200.0
222,0.23750190254525166,-1.0953938463562818,-0.9087086799169747,497700.0
223,-1.0066828994755168,-0.062141026314244986,0.2766267460310667,369600.0
224,-0.9880201274452045,0.7802921894792626,0.2766267460310667,388500.0
225,-0.2057389331746474,-0.5342428620106066,0.2766267460310667,510300.0
226,-0.022221674876583497,-0.39430848556168496,0.2766267460310667,430500.0
227,0.2997111426462902,-0.4833576342109988,0.2766267460310667,514500.0
228,0.7429519783661892,-0.9017472850077743,0.2766267460310667,550200.0
229,0.3836936167826925,-0.9950368693070553,0.2766267460310667,512400.0
230,0.3074872976589198,-1.321550414354539,0.2766267460310667,520800.0
231,1.1146521879698936,-1.3300312856544736,0.2766267460310667,621600.0
232,-0.2057389331746474,-0.9003338064577852,-1.0035355139928193,459900.0
233,-0.5665525257606693,-0.5215215550607046,-1.0035355139928193,438900.0
234,1.8876019962252961,-1.3893973847540162,-1.2406025991824268,924000.0
235,-0.4981223616495276,0.10040900693450232,0.039559660841458406,434700.0
236,-0.5976571458111891,0.008532901185210337,0.039559660841458406,443100.0
237,-0.0004484408412196817,-0.897506849357807,0.039559660841458406,529200.0
238,0.4630103979115167,-0.7363702946590488,0.039559660841458406,512400.0
239,0.8051612184672277,-1.3300312856544736,-0.43457450953775817,680400.0
240,0.9544633947097201,-1.4077726059038744,-0.43457450953775817,672000.0
241,1.5967737987529422,-0.9738346910572188,-0.43457450953775817,697200.0
242,0.9109169266389925,-1.24098213700516,-0.43457450953775817,695100.0
243,0.37591746177006286,-0.8126981363584606,-0.43457450953775817,611100.0
244,0.88914369260363,-1.1434521170559115,-1.7147367695616433,737100.0
245,1.1317597289976795,-1.1802025593556282,-1.7147367695616433,743400.0
246,1.318387449300795,-0.7194085520591795,-1.5250831014099566,676200.0
247,0.3308157626968101,-0.6656963671595935,-1.5250831014099566,462000.0
248,-0.01600075086647896,-0.001361448664713448,-0.15009400731022923,422100.0
249,-0.04866060191952537,-0.8197655291084062,-0.9087086799169747,487200.0
250,0.11619388434822765,-0.7547455158089073,-0.9087086799169747,468300.0
251,0.5050016349797178,-0.4847711127609879,-0.9087086799169747,520800.0
252,0.9653500117274013,-1.3583008566542556,0.3240401630689873,598500.0
253,1.4117013094523518,-1.3257908500045061,0.3240401630689873,783300.0
254,0.6060916501439045,-1.164654295305748,0.3240401630689873,585900.0
255,-0.17618954412665394,-0.6162246179099747,-1.1931891821445053,501900.0
256,-0.3597068024247164,-0.3589715218119573,-1.1931891821445053,455700.0
257,0.6807427382651507,-0.9427381629574584,-1.1931891821445053,600600.0
258,0.4801179389393025,-0.7844285653586784,-1.1931891821445053,569100.0
259,-0.7003023919779023,0.4099608093821166,-1.1931891821445053,426300.0
260,0.16285081442400548,-1.1264903744560422,-1.7621501865995648,472500.0
261,1.245291592182075,-1.1590003811057916,-1.7621501865995648,609000.0
262,0.980902321752662,-0.9710077339572405,-1.7621501865995648,520800.0
263,0.5438824100428661,-0.48618459131097697,-1.145775765106583,462000.0
264,0.3961354648029002,-0.6035033109600728,-1.145775765106583,554400.0
265,1.1535329630330433,-1.1420386385059222,-1.145775765106583,695100.0
266,1.5485616376746365,-0.8494485786581774,-0.055267173234386256,758100.0
267,0.5843184161085407,-0.566752868660356,-0.055267173234386256,596400.0
268,1.8347241421394136,-0.9144685919576763,-0.055267173234386256,701400.0
269,0.9466872396970905,-0.7646398656588309,-0.055267173234386256,592200.0
270,0.6138678051565342,-1.1872699521055736,-0.055267173234386256,478800.0
271,-0.41725034951817686,-0.41975109946148886,-0.055267173234386256,426300.0
272,-1.9709261210416127,-0.04235232661439742,-0.055267173234386256,338100.0
273,-0.18396569913928357,-0.9837290409071424,-0.055267173234386256,464100.0
274,-0.337933568389354,-0.17239235321339522,-0.055267173234386256,407400.0
275,0.03998756522445499,-0.7123411593092339,-0.055267173234386256,453600.0
276,0.5081120969847694,-0.5172811194107374,-0.055267173234386256,499800.0
277,-0.832497027192609,-0.20348888131315565,-0.055267173234386256,340200.0
278,-0.5074537476646838,0.7619169683294039,-0.055267173234386256,373800.0
279,-0.71274423999811,0.4240955948820076,-0.055267173234386256,415800.0
280,0.22039436151746591,-0.3646254360119139,-0.055267173234386256,485100.0
281,-0.19796277816201638,-0.029631019664495478,-0.055267173234386256,441000.0
282,0.28882452562860894,-0.8112846578084715,0.5136938312206749,499800.0
283,0.21106297550231118,-0.8579294499581119,0.5136938312206749,485100.0
284,-0.30993941034388567,-0.7406107303090161,0.5136938312206749,428400.0
285,-0.8278313341850309,-0.16956539611341706,0.5136938312206749,388500.0
286,0.27171698460082316,-0.963940341207295,0.5136938312206749,525000.0
287,0.29660068064123857,-1.110942110406162,0.5136938312206749,516600.0
288,0.1115281913406496,-0.9596999055573275,0.5136938312206749,483000.0
289,-0.24461970823779558,-0.02115014836456102,0.5136938312206749,466200.0
290,-0.5789943737808769,-0.41975109946148886,-0.7664684288032111,405300.0
291,0.14418804239369462,-0.7914959581086239,-0.7664684288032111,474600.0
292,-0.14975061708371207,-0.5441372118605303,-0.7664684288032111,415800.0
293,-0.8309417961900825,-0.07203537616416877,-0.7664684288032111,359100.0
294,-0.3254917203691463,-0.7222355091591577,-0.7664684288032111,407400.0
295,0.11774911535075276,-1.0261333974068156,0.7981743334482039,466200.0
296,0.10841772933559664,-0.8748911925579812,0.7981743334482039,434700.0
297,-0.31616033435399016,-0.6967928952593538,0.7981743334482039,443100.0
298,-0.5774391427783518,-0.44378023481130363,0.7981743334482039,409500.0
299,-0.5370031367126772,-0.3363558650121316,0.7981743334482039,388500.0
300,-0.28194525229841866,-0.6261189677598985,0.7981743334482039,432600.0
301,-0.3970323464853395,-0.4522611061112384,0.7981743334482039,399000.0
302,-0.4234712735282814,-0.5158676408607483,0.7981743334482039,392700.0
303,1.5563377926872664,-1.0529894898566086,-1.4302562673341135,686700.0
304,0.46612085991656826,-0.606330268060051,-1.2406025991824268,346500.0
305,0.7087368963106178,-0.8141116149084497,-0.43457450953775817,501900.0
306,0.9855680147602386,-1.1773756022556499,-0.43457450953775817,655200.0
307,-0.3519306474120868,-0.34059630066209906,0.13438649491730137,367500.0
308,-0.5323374437050991,-0.03811189096443019,0.13438649491730137,361200.0
309,0.4287953158559452,-0.9300168560075563,-0.2923342584239945,485100.0
310,0.6138678051565342,-0.9823155623571533,-0.7190550117652887,514500.0
311,1.0866580299244266,-0.9964503478570444,0.5611072482585956,558600.0
312,0.3883593097902705,-0.9837290409071424,0.5611072482585956,480900.0
313,0.5267748690150803,-1.0529894898566086,-0.1026805902723069,506100.0
314,-0.5541106777404615,-0.7278894233591141,-0.1026805902723069,390600.0
315,0.7585042883914485,-1.1929238663055302,-0.7190550117652887,632100.0
316,-0.897816729298699,-0.6911389810593973,1.651615840130794,382200.0
317,-0.4732386656091122,-1.0416816614566957,1.651615840130794,432600.0
318,-0.043994908911947316,0.6587330341801996,0.7981743334482039,373800.0
319,0.24061236455030324,0.04669682203491615,0.7981743334482039,455700.0
320,-0.17618954412665394,-0.2063158384131338,0.7981743334482039,476700.0
321,-0.19951800916454285,-0.03811189096443019,0.7981743334482039,474600.0
322,0.24527805755788132,-0.7278894233591141,0.7981743334482039,525000.0
323,0.016659100186566075,0.17673684863391395,0.7981743334482039,417900.0
324,-1.3659412610590134,-0.38865457136172865,0.7981743334482039,436800.0
325,-0.680084388945065,0.2403433833834239,0.7981743334482039,352800.0
326,-1.986478431066872,0.149880756184121,0.7981743334482039,459900.0
327,1.6683144248691355,0.07072595738473096,0.7981743334482039,315000.0
328,0.635641039191898,1.4559349363740552,0.7981743334482039,291900.0
329,0.8611495345581617,1.173239226376234,0.7981743334482039,279300.0
330,0.21728389951241434,1.5195414711235653,0.7981743334482039,275100.0
331,-0.02688736788416156,1.249567068075646,0.7981743334482039,214200.0
332,1.1317597289976795,0.6036073707306243,0.7981743334482039,218400.0
333,0.47389701492919795,1.1506235695764082,0.7981743334482039,228900.0
334,-1.095331066619497,1.5068201641736634,0.7981743334482039,237300.0
335,-1.1202147626599124,1.6425141049726173,0.7981743334482039,258300.0
336,-1.4981358962737201,2.525938198715809,0.7981743334482039,151200.0
337,-2.1155626042765268,2.4990821062660165,0.7981743334482039,214200.0
338,-1.3223947929882873,1.1181135629266592,0.7981743334482039,241500.0
339,-0.8200551791724012,0.5894725852307331,0.7981743334482039,317100.0
340,-0.29438710031862636,0.8226965459789359,0.7981743334482039,487200.0
341,-1.8729465678824775,1.8008237025713973,0.7981743334482039,203700.0
342,-0.07354429795994077,0.31525774653284644,0.7981743334482039,289800.0
343,-0.5494449847328848,0.48204821543156123,0.7981743334482039,266700.0
344,0.3588099207422771,0.5908860637807224,0.7981743334482039,275100.0
345,0.2561646745755639,0.9089187375282713,0.7981743334482039,262500.0
346,-0.7671773250865189,0.9866600577776723,0.7981743334482039,178500.0
347,-1.2244152398291508,2.494841670616049,0.7981743334482039,105000.0
348,-0.6038780698212923,2.4072060005167235,0.7981743334482039,132300.0
349,-0.393921884480288,1.95489286452021,0.7981743334482039,117600.0
350,0.1597403524189539,1.0431991997772363,0.7981743334482039,151200.0
351,0.25460944357303744,1.041785721227247,0.7981743334482039,254100.0
352,-1.3861592640918508,0.9654578795278353,0.7981743334482039,174300.0
353,-1.1031072216321267,2.0411150560695455,0.7981743334482039,178500.0
354,-0.8667121092481804,1.4191844940743388,0.7981743334482039,105000.0
355,-0.9833544344376278,-0.11443973266384182,0.7981743334482039,585900.0
356,-0.9693573554148937,1.902594158170613,0.7981743334482039,361200.0
357,0.9513529327046685,0.9668713580778248,0.7981743334482039,577500.0
358,-0.7516250150612596,-0.39996239976164155,0.7981743334482039,315000.0
359,0.6480828872121057,1.1704122692762557,0.7981743334482039,361200.0
360,-1.687874078581887,1.0092757145774975,0.7981743334482039,342300.0
361,0.30126637364881664,2.2771659739177266,0.7981743334482039,151200.0
362,0.8424867625278508,1.8163719666212774,0.7981743334482039,157500.0
363,-1.456144659205519,1.9365176433703517,0.7981743334482039,218400.0
364,-0.4405788145560672,1.0856035562769097,0.7981743334482039,184800.0
365,0.9078064646339409,1.3852610088745998,0.7981743334482039,176400.0
366,0.2654960605907187,0.29405556828300977,0.7981743334482039,350700.0
367,-0.3643724954322945,0.390172109682269,0.7981743334482039,298200.0
368,-0.9211451943365893,0.164015541684012,0.7981743334482039,436800.0
369,-0.21351508818727702,1.4630023291240009,0.7981743334482039,281400.0
370,-1.050229367546243,0.5965399779806787,0.7981743334482039,245700.0
371,-0.5354479057101507,1.6184849696228027,0.7981743334482039,174300.0
372,-0.6272065348591827,0.38875863113227993,0.7981743334482039,214200.0
373,-0.05954721893720659,0.22338164078355446,0.7981743334482039,228900.0
374,-0.07354429795994077,1.212816625775929,0.7981743334482039,231000.0
375,0.21728389951241434,1.5746671345731402,0.7981743334482039,199500.0
376,0.16751650743158356,0.6643869483801559,0.7981743334482039,304500.0
377,0.921803543656675,0.9541500511279228,0.7981743334482039,296100.0
378,0.28726929462608247,-0.12857451816373308,0.7981743334482039,338100.0
379,0.3043768356538682,0.4636729942817025,0.7981743334482039,300300.0
380,-0.05021583292205047,0.31525774653284644,0.7981743334482039,245700.0
381,0.604536419141378,1.4601753720240227,0.7981743334482039,281400.0
382,0.34325761071701777,0.7223395689297092,0.7981743334482039,201600.0
383,-0.13730876906350437,1.9096615509205586,0.7981743334482039,182700.0
384,-0.9538050453896344,1.4050497085744476,0.7981743334482039,268800.0
385,-0.6567559239071761,1.2962118602252863,0.7981743334482039,220500.0
386,0.257719905578089,0.9301209157781077,0.7981743334482039,359100.0
387,-0.033108291894264716,0.5159717006312996,0.7981743334482039,386400.0
388,0.3805831547776409,0.8354178529288379,0.7981743334482039,323400.0
389,-0.6007676078162407,1.533676256623456,0.7981743334482039,226800.0
390,0.34014714871196483,1.5605323490732494,0.7981743334482039,247800.0
391,0.15662989041390232,0.6855891266299923,0.7981743334482039,312900.0
392,0.016659100186566075,0.49476952238146316,0.7981743334482039,264600.0
393,-0.08598614598014846,0.7336473973296218,0.7981743334482039,296100.0
394,0.27482744660587477,0.9004378662283363,0.7981743334482039,273000.0
395,0.7911641394444935,0.6361173773803738,0.7981743334482039,281400.0
396,0.6449724252070541,0.6771082553300578,0.7981743334482039,319200.0
397,0.0881997263027593,0.6120882420305588,0.7981743334482039,338100.0
398,1.7927329050712124,0.537173878881136,0.7981743334482039,373800.0
399,0.7585042883914485,0.8156291532289903,0.7981743334482039,312900.0
400,0.4427923948786794,0.7336473973296218,0.7981743334482039,296100.0
401,-0.4110294255080737,0.8580335097286635,0.7981743334482039,266700.0
402,-0.4732386656091122,0.5654434498809185,0.7981743334482039,283500.0
403,0.09442065031286384,0.4650864728316918,0.7981743334482039,312900.0
404,-0.24773017024284716,0.24882425468335834,0.7981743334482039,420000.0
405,0.7165130513232474,0.491942565281485,0.7981743334482039,344400.0
406,0.21106297550231118,0.24175686193341298,0.7981743334482039,371700.0
407,0.11930434635327923,0.14846727763413192,0.7981743334482039,409500.0
408,0.42412962284836714,-0.37451978586183765,0.7981743334482039,424200.0
409,-0.04866060191952537,0.03962942928497077,0.7981743334482039,449400.0
410,-0.7485145530562066,0.16825597733397948,0.7981743334482039,417900.0
411,-0.4483549695686968,0.5951264994306894,0.7981743334482039,399000.0
412,-0.36903818843987257,1.184547054776147,0.7981743334482039,401100.0
413,-0.48879097563437146,0.7336473973296218,0.7981743334482039,401100.0
414,-0.8200551791724012,0.2573051259832931,0.7981743334482039,422100.0
415,-0.11398030402561544,0.47356734413162627,0.7981743334482039,417900.0
416,-0.01755598186900544,-0.009842319964648157,0.7981743334482039,411600.0
417,0.3059320666563947,0.20076598398372875,0.7981743334482039,487200.0
418,1.1504225010279916,-0.1808732245133299,0.7981743334482039,625800.0
419,-1.264851245894827,0.7350608758796112,0.7981743334482039,289800.0
420,-0.12175645903824509,1.5774940916731188,0.7981743334482039,279300.0
421,0.3790279237751144,0.8113887175790228,0.7981743334482039,350700.0
422,-1.456144659205519,1.6919858542222364,0.7981743334482039,252000.0
423,-0.08598614598014846,0.719512611829731,0.7981743334482039,306600.0
424,-0.01755598186900544,0.024081165235090428,0.7981743334482039,449400.0
425,0.0026620211638318974,-0.3109132511123277,0.7981743334482039,483000.0
426,0.79271937044702,-0.7349568161090597,0.7981743334482039,497700.0
427,1.2763962122325938,-0.8381407502582645,0.7981743334482039,525000.0
428,-0.7438488600486299,-0.35614456471197914,0.7981743334482039,457800.0
429,-0.5743286807732989,0.05659117188483994,0.7981743334482039,432600.0
430,0.1115281913406496,-0.33352890791215345,0.7981743334482039,445200.0
431,-0.19640754715949127,0.2884016540830535,0.7981743334482039,401100.0
432,-0.5214508266874165,-0.21055627406310126,0.7981743334482039,432600.0
433,-1.2228600088266257,0.723753047479698,0.7507609164102832,319200.0
434,-1.285069248927664,1.5591188705232601,0.7507609164102832,147000.0
435,-1.7842984007384972,2.3662151225670396,0.7507609164102832,170100.0
436,-0.40014280849039247,0.7251665260296873,0.7507609164102832,285600.0
437,-0.40014280849039247,0.05800465043482902,0.7507609164102832,422100.0
438,-0.8293865651875574,-0.13140147526371124,0.3240401630689873,457800.0
439,-0.48879097563437146,0.0919281356345676,0.3240401630689873,514500.0
440,-0.8869301122810178,0.6587330341801996,0.3240401630689873,485100.0
441,-1.3223947929882873,1.1591044408763431,0.3240401630689873,413700.0
442,-0.6940814679677991,0.164015541684012,0.3240401630689873,384300.0
443,-0.34415449239945717,-0.0027749272147025244,0.3240401630689873,445200.0
444,-1.0440084435361399,0.30536339668292267,0.3240401630689873,367500.0
445,-0.33171264437924947,0.1965255483337615,0.3240401630689873,352800.0
446,0.5485481030504441,-0.46215545596116214,1.1774816697515775,470400.0
447,-0.18707616114433515,-0.5455506904105194,1.1774816697515775,432600.0
448,1.144201577017887,-1.0317873116067722,1.1774816697515775,501900.0
449,0.8611495345581617,-0.9130551134076871,1.1774816697515775,462000.0
450,-0.3270469513716714,-0.7151681164092122,1.1774816697515775,249900.0
